timestamp,query,response
2025-09-09 09:35:32,"* Which TIF projects were discussed recently and what funding amounts were proposed?
","Recently discussed TIF projects and their proposed funding amounts include:

1. **Mall Area Redevelopment TIF District**:
   - Key projects include the demolition of parts of Valley View Mall and the construction of a new preK-12 school by DISD.
   - Proposed funding includes an economic development incentive agreement for a new Tom Thumb grocery store, although the specific amount for this project was not detailed in the agenda.
   - The TIF District has seen a significant increase in appraised value, totaling $404,452,430 (Agenda 589, Agenda_589.txt).

2. **Deep Ellum TIF District**:
   - The budget is proposed to increase from approximately $57.6 million to $93.5 million, with new budget categories for affordable housing initiatives and infrastructure improvements (Agenda 655, Agenda_655.txt).

3. **TOD TIF District**:
   - A funding request for public infrastructure improvements totaling **$1,670,700** was discussed to enhance the Longhorn Ballroom Redevelopment Project (Agenda 171, Agenda_171.txt).

These discussions reflect ongoing efforts to support economic development and community improvement through TIF funding in Dallas."
2025-09-09 09:53:05,"When and where was the last Landmark Commission meeting held?
","The last Landmark Commission meeting was held on November 6, 2023, at Dallas City Hall. According to Agenda 695 (Agenda_695.txt), the meeting included discussions on historic preservation, Certificates of Appropriateness, and other related agenda items."
2025-09-09 09:55:27,What public comments or stakeholder concerns were recorded for Agenda 13?,"There is no information available regarding public comments or stakeholder concerns specifically for Agenda 13, as it was not included in the provided agenda summaries or structured data. If you need details about a different agenda or specific topics, please let me know!"
2025-09-09 09:55:50,What public comments or stakeholder concerns were recorded for Agenda 73?,"According to Agenda 73 (Agenda_73.txt), there is no specific mention of public comments or stakeholder concerns recorded for this meeting. However, it does state that public input will be solicited, and individuals wishing to speak must register in advance. The meeting will focus on various environmental policies and initiatives affecting the Dallas community."
2025-09-09 10:08:05,Which neighborhoods were mentioned in the most recent planning meeting and why?,"The most recent planning meeting mentioned neighborhoods in the context of historic preservation. Specifically, the Dallas Landmark Commission's meeting on November 6, 2023 (Agenda 695, Agenda_695.txt) discussed proposals for Certificates of Appropriateness related to renovations and construction in historic districts, including Junius Heights and Winnetka Heights. Additionally, there was a courtesy review for a new townhome structure in Peak's Suburban Addition.

These discussions are significant as they pertain to maintaining the integrity of historic neighborhoods while accommodating new developments."
2025-09-10 14:20:28,what meetings were held in march 2025,"In March 2025, the following meetings were held or scheduled for the Dallas City Council:

1. **Regular Meeting** on March 12, 2025 (Agenda 33, Agenda_33.txt).
2. **Briefing Meeting** that was scheduled for March 19, 2025, was **cancelled** (Agenda 24, Agenda_24.txt).
3. A **City Council Briefing** is set for April 2, 2025, but it does not fall within March (Agenda 5, Agenda_5.txt).

Therefore, the only meeting that took place in March 2025 was the Regular Meeting on March 12."
2025-09-10 14:29:58,what is the latest agenda meeting note that you have as date,"The latest agenda meeting note available is for Agenda 24, which is a briefing scheduled for March 19, 2025, according to the structured data. This information can be found in the structured data section."
2025-09-10 14:30:39,"do you have any information about a meeting scheduled for April 2, 2025","Yes, there is a meeting scheduled for April 2, 2025. According to Agenda 5 (Agenda_5.txt), the Dallas City Council will hold a Council Briefing meeting at 9:00 AM in the Council Chambers, City Hall. This meeting will be conducted both in-person and via videoconference, allowing for public attendance and participation.

Key agenda items include:
1. Approval of the minutes from the March 5, 2025, City Council meeting.
2. Consideration of appointments to various boards and commissions.
3. Briefings on updates related to the FIFA World Cup 2026, the Dallas Police Department's Law Enforcement Training Center, and the Dallas Fire-Rescue’s budget and overtime status.
4. A closed session to discuss real estate matters concerning the purchase or lease of property at 508 Young Street.

This meeting will also allow for public input, adhering to established rules of courtesy."
2025-09-10 14:31:12,"do you have information about any meetings pass april 2, 2025","I do not have information about any meetings scheduled after April 2, 2025. The most recent meetings available in the context are:

1. A briefing on March 19, 2025 (Agenda 24).
2. A regular meeting on March 12, 2025 (Agenda 33).
3. A briefing meeting on January 1, 2025 (Agenda 141).

For any meetings beyond that date, the information is not available in the provided context."
2025-09-11 07:58:02,What were the main action items in Agenda 150,"I'm sorry, but I do not have any information regarding the main action items in Agenda 150. The available context does not include details about that specific agenda. If you have any other questions or need information from different agendas, feel free to ask!"
2025-09-11 07:59:39,Summarize the key decisions from Agenda 312,"I'm sorry, but there is no information available regarding Agenda 312 in the provided context. If you have any other questions or need information on a different agenda, feel free to ask!"
2025-09-11 08:05:14,"Which agenda items involving transportation funding over $500,000 were discussed in the last 10 agendas, and what actions were requested?","In the last 10 agendas, the following items involving transportation funding over $500,000 were discussed:

1. **Agenda 652 (Agenda_652.txt)**:
   - **$5 million grant** from the U.S. Department of Transportation for the Cadiz Street railroad bridge reconstruction.
   - **Various construction contracts** for water and wastewater improvements totaling over $12 million.

2. **Agenda 689 (Agenda_689.txt)**:
   - **Construction services contract** for the 2024 Two-Year Term Agreement Slurry Seal and Polymer Modified Micro-Surfacing Contract totaling **$17,604,618.00**.
   - **Increase in the construction services contract** for additional traffic signal and pedestrian improvements totaling **$287,498.84**.

3. **Agenda 100**:
   - **Amendment to Advance Funding Agreement** for intersection reconstruction totaling **$24,780,000.00**.
   - **Advance Funding Agreement with TxDOT** for Highway Safety Improvement Program grant totaling **$5,342,996.93**.

These items reflect significant funding requests and approvals related to transportation projects."
2025-09-11 08:07:58,what was discussed in agenda 150,"I’m sorry, but there is no information available regarding Agenda 150 in the provided context. The summaries and structured data only reference Agendas 8, 697, and 102. If you need details on those agendas or any other specific topic, please let me know!"
2025-09-11 08:12:02,what was discussed in agenda 150,"Agenda 150 was not retrieved in the provided context. According to the filename pattern, it exists in the source corpus as ""Agenda_150.txt,"" but specific details about its discussions were not included in the retrieved records. You may want to consider re-indexing or confirming embeddings for more information."
2025-09-11 08:13:10,"summary of the meeting in December 16, 2024","On December 16, 2024, the Senior Affairs Commission of Dallas will hold a hybrid meeting at 12:00 P.M. in the L1FN Auditorium at Dallas City Hall. According to Agenda 150 (Agenda_150.txt), the meeting will focus on various topics concerning senior services and compliance with the Texas Open Meetings Act.

### Key Agenda Items:
1. Approval of minutes from the previous meeting held on November 18, 2024.
2. Chair’s report on videoconference meeting requirements.
3. Briefings on the City of Dallas Code Chapter 8 regarding attendance and reporting guidelines for boards and commissions.
4. Discussion of the draft for the 2024 Senior Affairs Commission Annual Report.

### Important Details:
- Updates on Senior Services Programs and Contracts will be provided.
- District updates from Senior Affairs Commissioners will be included.
- Public participation is encouraged, with a requirement for speakers to register 24 hours in advance.

### Action Items:
- Approval of the November meeting minutes.
- Feedback and discussion on the draft of the 2024 Annual Report.
- Potential decisions on new policies based on presented briefings.

This meeting will also be available for viewing via video stream after adjournment."
2025-09-11 08:18:28,What recurring themes appeared across agendas in July–September 2025,"The context provided does not include any agendas or summaries specifically from July to September 2025. Therefore, I cannot identify any recurring themes from that period. 

If you need specific information regarding agendas from those months, I recommend re-indexing or confirming the embeddings for more comprehensive data."
2025-09-11 08:19:30,what recurring themes were mentioned in meetings from july 2024-december 2024,"The context provided does not contain specific recurring themes mentioned in meetings from July 2024 to December 2024. However, based on the available agenda summaries, several key themes can be inferred:

1. **Equity Initiatives**:
   - Agenda 164 (Agenda_164.txt) discusses the ""Closing Disparities"" initiative and the ""Drivers of Poverty"" childcare program, emphasizing efforts to address equity and disparities within the community.

2. **Workforce Development**:
   - The ""Upskilling Dallas"" program for security officers and updates related to workforce development are highlighted in both Agenda 164 and Agenda 246 (not fully detailed in the context but mentioned).

3. **Community Engagement**:
   - There is a focus on community engagement efforts and the importance of public participation in various meetings, as noted in Agenda 330 (Agenda_330.txt).

4. **Strategic Planning**:
   - Agenda 330 includes discussions on the 2024-205 Strategic Plan, indicating a theme of long-term planning and strategic initiatives for the city.

5. **Youth and Education**:
   - The Dallas Youth Survey and related updates are mentioned in Agenda 246, pointing to a focus on youth engagement and education.

If you need more detailed insights or specific agenda items, please let me know!"
2025-09-11 08:20:42,"What topics dominated the five most recent committee meetings?
","The five most recent committee meetings and their dominant topics are as follows:

1. **Agenda 113 (Agenda_113.txt)**:  
   - **Meeting Date**: January 15, 2025  
   - **Committee**: Ad Hoc Committee on Legislative Affairs  
   - **Dominant Topics**:  
     - Recommendations on legislative items, including adjustments to the status of election dates, ranked choice voting, and safety for senior facilities.
     - Movement of several legislative items between categories (e.g., from ""Support"" to ""Monitor"").

2. **Agenda 75 (Agenda_75.txt)**:  
   - **Meeting Date**: February 11, 2025  
   - **Committee**: Community Police Oversight Board (CPOB)  
   - **Dominant Topics**:  
     - Oversight of the Dallas Police Department, including review of complaints and community engagement strategies.
     - Discussion on the recruitment strategy for a new Police Chief and updates on police accountability legislation.

3. **Agenda 289 (Agenda_289.txt)**:  
   - **Meeting Date**: September 9, 2024  
   - **Committee**: Workforce, Education, and Equity Committee  
   - **Dominant Topics**:  
     - Workforce development initiatives, including updates on the Upskilling Pilot Program.
     - Discussion on creating a Human Rights Task Force and contracts for early childhood services.

4. **Agenda 332**:  
   - **Meeting Date**: August 12, 2024  
   - **Committee**: Workforce, Education, and Equity Committee  
   - **Dominant Topics**:  
     - Updates on the School Crossing Guard Program and the Commercial Driver License Program.
     - Proposed legislative priorities for 2025 and housing opportunities for persons with AIDS.

5. **Agenda 433**:  
   - **Meeting Date**: May 7, 2024  
   - **Committee**: Ad Hoc Committee on Legislative Affairs  
   - **Dominant Topics**:  
     - Consideration of federal legislative priorities and overview of the legislative process.

These meetings reflect a focus on legislative affairs, police oversight, workforce development, and community engagement initiatives."
2025-09-11 08:22:48,what were the dates of the 5 most recent meetings,"The five most recent meetings based on the provided context are:

1. **Agenda 5 (Agenda_5.txt)**:  
   - **Date**: April 2, 2025  
   - **Meeting**: Dallas City Council Council Briefing

2. **Agenda 55 (Agenda_55.txt)**:  
   - **Date**: February 24, 2025  
   - **Meeting**: Senior Affairs Commission

3. **Agenda 81 (Agenda_81.txt)**:  
   - **Date**: February 5, 2025  
   - **Meeting**: City Council Council Briefing

4. **Agenda 113**:  
   - **Date**: January 15, 2025  
   - **Meeting**: Ad Hoc Committee on Legislative Affairs

5. **Agenda 341 (Agenda_341.txt)**:  
   - **Date**: August 5, 2024  
   - **Meeting**: Parks, Trails, and the Environment Committee

These meetings reflect a mix of city council briefings, committee discussions, and specialized commissions."
2025-09-11 08:32:46,what were the dates of the 5 most recent meetings,"The five most recent meetings based on the provided context are:

1. **February 24, 2025** - Agenda 55 (Agenda_55.txt): Senior Affairs Commission meeting.
2. **February 28, 2025** - Agenda 42: Executive Session of the City Council.
3. **February 5, 2025** - Agenda 81: Council Briefing Meeting of the City Council.
4. **January 15, 2025** - Agenda 113: Ad Hoc Committee Meeting on Legislative Affairs.
5. **January 6, 2025** - Not explicitly listed in the context, but referenced in Agenda 113 as the date of the previous meeting minutes approval.

These dates reflect the most recent meetings available in the retrieved records."
2025-09-11 08:35:20,What topics dominated the five most recent committee meetings?,"The five most recent committee meetings and their dominant topics are as follows:

1. **Agenda 113 (Agenda_113.txt)**:  
   - **Meeting Date**: January 15, 2025  
   - **Committee**: Ad Hoc Committee on Legislative Affairs  
   - **Key Topics**:  
     - Recommendations on legislative items, including changes to election dates and ranked choice voting.
     - Enhancing safety for residents of senior facilities.
     - Transparency in utility operations and rail safety legislation.

2. **Agenda 75 (Agenda_75.txt)**:  
   - **Meeting Date**: February 11, 2025  
   - **Committee**: Community Police Oversight Board (CPOB)  
   - **Key Topics**:  
     - Oversight of the Dallas Police Department and review of complaints.
     - Recruitment strategy for a new Police Chief.
     - Community engagement and police accountability legislation.

3. **Agenda 125 (Agenda_125.txt)**:  
   - **Meeting Date**: January 10, 2025  
   - **Committee**: Public Safety Committee  
   - **Key Topics**:  
     - Public safety initiatives, including police and fire department updates.
     - Crime prevention proposals and human trafficking awareness.
     - Approval of a DOJ grant for crime prevention.

4. **Agenda 121 (not fully detailed in context)**:  
   - **Meeting Date**: January 13, 2025  
   - **Committee**: Public Safety Committee  
   - **Key Topics**:  
     - Discussions likely centered around public safety, litigation, and technology.

5. **Agenda 43 (not fully detailed in context)**:  
   - **Meeting Date**: March 4, 2025  
   - **Committee**: Workforce, Education, and Equity Committee  
   - **Key Topics**:  
     - Updates on upskilling programs and closing disparities in workforce education.

These meetings reflect a focus on legislative affairs, public safety, police oversight, and workforce equity initiatives."
2025-09-11 08:39:31,Which departments received increases over 10% vs prior year,"The provided context does not specify which departments received increases over 10% compared to the prior year. Therefore, I cannot provide that information based on the retrieved records. 

If you need detailed financial data or specific department budget increases, I suggest re-indexing or confirming embeddings for more comprehensive information."
2025-09-11 08:40:02,Were any mid-year budget amendments approved in the past 10 agendas?,"Based on the retrieved context, there are indications of budget amendments in the following agendas:

1. **Agenda 630 (Agenda_630.txt)**:
   - This agenda includes a **Consent Agenda** that features routine items such as contract approvals and budget amendments. It mentions significant budget increases for contracts related to building services, legal settlements, and public safety equipment.

2. **Agenda 530 (Agenda_530.txt)**:
   - This agenda also covers **budget adjustments**, including amendments totaling approximately $4.9 billion and various resolutions for tax increment financing reports.

However, there are no specific details confirming the approval of mid-year budget amendments in these agendas. The context indicates discussions and proposals related to budget amendments, but it does not explicitly state that they were approved.

If you need more detailed information or specific outcomes, please refer to the full agendas or consider re-indexing for additional records."
2025-09-12 09:07:17,what are the five most recent meetings?,"The five most recent meetings based on the provided context are:

1. **Agenda 5 (Agenda_5.txt)**:  
   - **Date**: April 2, 2025  
   - **Organization**: Dallas City Council  
   - **Key Items**: Approval of minutes from the March 5, 2025, meeting; appointments to boards and commissions.

2. **Agenda 24**:  
   - **Date**: March 19, 2025  
   - **Organization**: City Council  
   - **Key Items**: Briefing of City Council.

3. **Agenda 39 (Agenda_39.txt)**:  
   - **Date**: March 5, 2025  
   - **Organization**: City Council of Dallas  
   - **Key Items**: Approval of minutes from the February 19, 2025, meeting; appointments to boards and commissions; updates on the 2024 Bond Program and Dallas Police Regional Training Academy.

4. **Agenda 81 (Agenda_81.txt)**:  
   - **Date**: February 5, 2025  
   - **Organization**: City Council of Dallas  
   - **Key Items**: Approval of minutes from the January 15, 2025, meeting; appointments to boards and commissions; review of 2024 Community Survey results.

5. **Agenda 113 (Agenda_113.txt)**:  
   - **Date**: January 15, 2025  
   - **Organization**: Ad Hoc Committee on Legislative Affairs  
   - **Key Items**: Approval of minutes from the January 6, 2025, meeting; recommendations on legislative items.

These meetings reflect a mix of council briefings and committee discussions, focusing on various city governance topics."
2025-09-12 09:08:02,what meetings were held in March 2025,"In March 2025, the following meetings were held in Dallas:

1. **Agenda 24 (City Council)**:  
   - **Date**: March 19, 2025  
   - **Type**: Briefing  
   - **Overview**: A briefing of the City Council.

2. **Agenda 33 (City Council)**:  
   - **Date**: March 12, 2025  
   - **Type**: Regular Meeting  
   - **Overview**: A regular meeting of the City Council.

3. **Agenda 21 (Citizen Homelessness Commission)**:  
   - **Date**: March 20, 2025  
   - **Type**: Regular Meeting  
   - **Overview**: A regular meeting of the Citizen Homelessness Commission.

These meetings cover various topics and are part of the city's governance activities for that month."
2025-09-12 13:41:14,What budget items were approved in the last two council meetings?,"In the last two council meetings, the following budget items were approved:

1. **Agenda 48 (February 26, 2025)**:
   - **Settlement of bodily injury claims**:
     - Adam Hewitt: $30,000.00
     - Kimberly Ludd: $65,000.00
   - **Grant for Bullet Resistance Shield**: $412,938.13
   - **Service price agreement for E. coli testing**: $369,600.00
   - **Increase to construction services contract with Oscar Renda Contracting, Inc.**: $1,321,577.94
   - **Settlement in lieu of condemnation for City of Dallas vs. Totsie Irene Farley**: $407,759.49
   - **Supplemental Agreement 2 with WEX Health Inc.**: $24,643.20

2. **Agenda 11 (March 26, 2025)**:
   - **Settlement of lawsuit Jon Puryear EMS CE LLC v. City of Dallas**: $100,000.00
   - **Settlement of lawsuit Laura Alonzo v. City of Dallas**: $82,000.00
   - **Settlement of bodily injury claims by Sterling Bradshaw**: $30,000.00
   - **Increase in joint election agreement for special election**: $21,738.51
   - **Five-year sole source services agreement for asset tracking system**: $1,071,846.75
   - **Standard Utility Agreement with the State of Texas for water pipeline encasement**: $123,165.67

These items reflect significant budgetary decisions made during the meetings."
2025-09-12 13:42:33,"Which committees met in March 2025 and what did they cover?
","In March 2025, the following committee met:

1. **Parks, Trails, and the Environment Committee**
   - **Date**: March 3, 2025
   - **Agenda Number**: Agenda 47 (Agenda_47.txt)
   - **Key Topics Covered**:
     - Approval of the minutes from the February 3, 2025 meeting.
     - Briefing on the Park Safety and Security Strategic Plan.
     - Update on the CECAP Goal 3 Fleet Electrification initiative.
     - Discussion of the Water Conservation Minor Plumbing Repair Program.
     - Review of the Interdepartmental Working Group Meeting regarding the 2024 Bond CECAP Resolution.

This meeting focused on various initiatives related to parks, trails, and environmental sustainability. 

No other committee meetings for March 2025 were found in the retrieved records."
2025-09-12 14:16:35,What budget items were approved in the last two council meetings?,"The budget items approved in the last two council meetings are as follows:

### Agenda 11 (March 26, 2025)
- **Settlements**:
  - Settlement of lawsuit Jon Puryear EMS CE LLC v. City of Dallas: **$100,000.00**
  - Settlement of lawsuit Laura Alonzo v. City of Dallas: **$82,000.00**
  - Settlement of bodily injury claims by Sterling Bradshaw: **$30,000.00**
- **Election Agreement**:
  - Increase in joint election agreement for special election: **$21,738.51**
- **Service Agreement**:
  - Five-year sole source services agreement for asset tracking system: **$1,071,846.75**
- **Utility Agreement**:
  - Standard Utility Agreement with the State of Texas for water pipeline encasement: **$123,165.67**

### Agenda 48 (February 26, 2025)
- **Settlements**:
  - Settlement of bodily injury claims brought by Adam Hewitt: **$30,000.00**
  - Settlement of bodily injury claims brought by Kimberly Ludd: **$65,000.00**
- **Grant**:
  - Grant for Bullet Resistance Shield: **$412,938.13**
- **Service Agreement**:
  - Service price agreement for E. coli testing: **$369,600.00**
- **Construction Services**:
  - Increase to construction services contract with Oscar Renda Contracting, Inc.: **$1,321,577.94**
- **Settlement in Lieu of Condemnation**:
  - Settlement in lieu of condemnation for City of Dallas vs. Totsie Irene Farley: **$407,759.49**
- **Supplemental Agreement**:
  - Supplemental Agreement 2 with WEX Health Inc.: **$24,643.20**

These items reflect significant financial decisions made by the Dallas City Council in their recent meetings."
2025-10-03 10:48:08,"What were the main topics in the Transportation & Infrastructure Committee on March 25, 2025?","On March 25, 2025, the Transportation and Infrastructure Committee will discuss several key topics according to Agenda 13 (Agenda_13.txt):

**Main Topics:**
1. **Harold Simmons Park Project Update**: Presentation on the current status and future plans.
2. **Introduction of Delivery Robots by Serve Robotics**: Discussion on enhancing city services with new delivery technology.
3. **Aviation Lease Agreement**: Proposal for a ten-year lease with the TSA at Dallas Love Field, expected to generate approximately $5.49 million in revenue.
4. **Water Utilities Projects**: Approval of utility agreements and funding for drainage easements and traffic signal improvements.
5. **Federal Grant Acceptance**: Acceptance of a $2 million grant for roadway rehabilitation on Harry Hines Boulevard.

**Action Items:**
- Authorization of the TSA lease agreement.
- Approval of utility agreements and funding for various infrastructure projects.
- Support for continued funding of Dallas Area Rapid Transit (DART) at the current sales tax level.
- A resolution to express the City’s commitment to these initiatives.

The meeting will be held at 1:00 PM in the Council Chambers, City Hall, and will be accessible both virtually and in person."
